{"name":"0272f50b-aa9a-4f55-8d74-25d8291f7c0b","id":"/providers/Microsoft.Flow/flows/0272f50b-aa9a-4f55-8d74-25d8291f7c0b","type":"Microsoft.Flow/flows","properties":{"apiId":"/providers/Microsoft.PowerApps/apis/shared_logicflows","displayName":"Wetter Forecast","definition":{"metadata":{"workflowEntityId":null,"processAdvisorMetadata":null,"flowChargedByPaygo":null,"flowclientsuspensionreason":"None","flowclientsuspensiontime":null,"flowclientsuspensionreasondetails":null,"creator":{"id":"3662a72d-39dd-4a15-9e39-ed1a9501539b","type":"User","tenantId":"09914c63-11ee-4708-b876-71b14e17b14d"},"provisioningMethod":"FromDefinition","failureAlertSubscription":true,"clientLastModifiedTime":"2024-06-04T14:27:53.1950316Z","connectionKeySavedTimeKey":"2024-06-04T14:27:53.1950316Z"},"$schema":"https://schema.management.azure.com/providers/Microsoft.Logic/schemas/2016-06-01/workflowdefinition.json#","contentVersion":"undefined","parameters":{"$authentication":{"defaultValue":{},"type":"SecureObject"},"$connections":{"defaultValue":{},"type":"Object"}},"triggers":{"Wiederholung":{"recurrence":{"interval":1,"frequency":"Hour","startTime":"2024-06-04 17:15","timeZone":"W. Europe Standard Time"},"type":"Recurrence"}},"actions":{"HTTP":{"runAfter":{},"metadata":{"operationMetadataId":"10790e96-2799-49f7-887f-7cc78111f51a"},"type":"Http","inputs":{"uri":"https://api.openweathermap.org/data/2.5/forecast","method":"GET","queries":{"appid":"322be9ad7837ea1940f91d3b93e16c32","lat":"51.881111","lon":"10.562222","units":"metric"}},"runtimeConfiguration":{"contentTransfer":{"transferMode":"Chunked"}}},"Datei_erstellen":{"runAfter":{"HTTP":["Succeeded"]},"metadata":{"operationMetadataId":"dcafdc5f-9c7d-4fe9-813d-e0e366615712"},"type":"OpenApiConnection","inputs":{"parameters":{"dataset":"https://inopiae.sharepoint.com/sites/PowerBISpielplatz","folderPath":"/Shared Documents/Austausch Laptops/powerbi/wetter/daten","name":"forecast.json","body":"@body('HTTP')"},"host":{"apiId":"/providers/Microsoft.PowerApps/apis/shared_sharepointonline","connectionName":"shared_sharepointonline","operationId":"CreateFile"},"authentication":"@parameters('$authentication')"}}}},"connectionReferences":{"shared_sharepointonline":{"connectionName":"3f004e795de44a968b5ceecfba603257","source":"Embedded","id":"/providers/Microsoft.PowerApps/apis/shared_sharepointonline","tier":"NotSpecified"}},"flowFailureAlertSubscribed":false,"isManaged":false}}