{"name":"c2c89020-6a8b-4121-aba8-dcab2d65adab","id":"/providers/Microsoft.Flow/flows/c2c89020-6a8b-4121-aba8-dcab2d65adab","type":"Microsoft.Flow/flows","properties":{"apiId":"/providers/Microsoft.PowerApps/apis/shared_logicflows","displayName":"Wetter Stündlich","definition":{"metadata":{"workflowEntityId":null,"processAdvisorMetadata":null,"flowChargedByPaygo":null,"flowclientsuspensionreason":"None","flowclientsuspensiontime":null,"flowclientsuspensionreasondetails":null,"creator":{"id":"3662a72d-39dd-4a15-9e39-ed1a9501539b","type":"User","tenantId":"09914c63-11ee-4708-b876-71b14e17b14d"},"provisioningMethod":"FromDefinition","failureAlertSubscription":true,"clientLastModifiedTime":"2024-06-05T04:45:11.1083834Z","connectionKeySavedTimeKey":"2024-06-05T04:45:11.1083834Z"},"$schema":"https://schema.management.azure.com/providers/Microsoft.Logic/schemas/2016-06-01/workflowdefinition.json#","contentVersion":"undefined","parameters":{"$authentication":{"defaultValue":{},"type":"SecureObject"},"$connections":{"defaultValue":{},"type":"Object"}},"triggers":{"Wiederholung":{"recurrence":{"interval":1,"frequency":"Hour","timeZone":"W. Europe Standard Time","startTime":"2024-06-05 00:00"},"type":"Recurrence"}},"actions":{"HTTP":{"runAfter":{"Zeitstempel":["Succeeded"]},"metadata":{"operationMetadataId":"10790e96-2799-49f7-887f-7cc78111f51a"},"type":"Http","inputs":{"uri":"https://api.openweathermap.org/data/2.5/weather","method":"GET","queries":{"appid":"322be9ad7837ea1940f91d3b93e16c32","lat":"51.881111","lon":"10.562222","units":"metric"}},"runtimeConfiguration":{"contentTransfer":{"transferMode":"Chunked"}}},"Datei_erstellen":{"runAfter":{"HTTP":["Succeeded"]},"metadata":{"operationMetadataId":"dcafdc5f-9c7d-4fe9-813d-e0e366615712"},"type":"OpenApiConnection","inputs":{"parameters":{"dataset":"https://inopiae.sharepoint.com/sites/PowerBISpielplatz","folderPath":"/Shared Documents/Austausch Laptops/powerbi/wetter/daten/historie","name":"data@{variables('Zeitstempel')}.json","body":"@body('HTTP')"},"host":{"apiId":"/providers/Microsoft.PowerApps/apis/shared_sharepointonline","connectionName":"shared_sharepointonline","operationId":"CreateFile"},"authentication":"@parameters('$authentication')"}},"Aktuelle_Uhrzeit":{"runAfter":{},"type":"Expression","kind":"CurrentTime","inputs":{}},"Zeitstempel":{"runAfter":{"Aktuelle_Uhrzeit":["Succeeded"]},"metadata":{"operationMetadataId":"66f9f2b0-2fd4-4c58-a45c-c84c50b967d0"},"type":"InitializeVariable","inputs":{"variables":[{"name":"Zeitstempel","type":"string","value":"@{formatDateTime(convertTimeZone(utcNow(), 'UTC', 'Romance Standard Time'), 'yyyyMMdd_HHmm')}"}]}}}},"connectionReferences":{"shared_sharepointonline":{"connectionName":"3f004e795de44a968b5ceecfba603257","source":"Embedded","id":"/providers/Microsoft.PowerApps/apis/shared_sharepointonline","tier":"NotSpecified"}},"flowFailureAlertSubscribed":false,"isManaged":false}}