{"name":"8886a07b-ce13-41ce-8492-1aee7820e827","id":"/providers/Microsoft.Flow/flows/8886a07b-ce13-41ce-8492-1aee7820e827","type":"Microsoft.Flow/flows","properties":{"apiId":"/providers/Microsoft.PowerApps/apis/shared_logicflows","displayName":"Wetter forecast","definition":{"metadata":{"workflowEntityId":null,"processAdvisorMetadata":null,"flowChargedByPaygo":null,"flowclientsuspensionreason":"None","flowclientsuspensiontime":null,"flowclientsuspensionreasondetails":null,"creator":{"id":"3662a72d-39dd-4a15-9e39-ed1a9501539b","type":"User","tenantId":"09914c63-11ee-4708-b876-71b14e17b14d"},"provisioningMethod":"FromDefinition","failureAlertSubscription":true,"clientLastModifiedTime":"2024-06-20T04:34:55.4267264Z","connectionKeySavedTimeKey":"2024-06-20T04:34:55.4267264Z"},"$schema":"https://schema.management.azure.com/providers/Microsoft.Logic/schemas/2016-06-01/workflowdefinition.json#","contentVersion":"undefined","parameters":{"$authentication":{"defaultValue":{},"type":"SecureObject"},"$connections":{"defaultValue":{},"type":"Object"}},"triggers":{"Wiederholung":{"recurrence":{"interval":1,"frequency":"Hour","timeZone":"W. Europe Standard Time","startTime":"2024-06-04 17:15"},"type":"Recurrence"}},"actions":{"In_Tabelle_vorhandene_Zeilen_auflisten":{"runAfter":{},"metadata":{"01PAHDQ5Q4X6RE5BNLXBBKMZYPH7SVMGPY":"/Austausch Laptops/powerbi/wetter/daten gesamt/orte.xlsx","tableId":"{E9E48B56-4D5B-4C1F-B3C3-F366366E2AF4}"},"type":"OpenApiConnection","inputs":{"parameters":{"source":"groups/fa021d8b-eb0b-497c-bb10-c0d3d7cb8231","drive":"b!4BgBdn_p-06asOIrvrVZ_cL1QZdWOjdOgq7T5s_5lWuIsKH2MHObRaeDavbfSRth","file":"01PAHDQ5Q4X6RE5BNLXBBKMZYPH7SVMGPY","table":"{E9E48B56-4D5B-4C1F-B3C3-F366366E2AF4}"},"host":{"apiId":"/providers/Microsoft.PowerApps/apis/shared_excelonlinebusiness","connectionName":"shared_excelonlinebusiness","operationId":"GetItems"},"authentication":"@parameters('$authentication')"}},"Auf_alle_anwenden":{"foreach":"@outputs('In_Tabelle_vorhandene_Zeilen_auflisten')?['body/value']","actions":{"HTTP":{"metadata":{"operationMetadataId":"10790e96-2799-49f7-887f-7cc78111f51a"},"type":"Http","inputs":{"uri":"https://api.openweathermap.org/data/2.5/forecast","method":"GET","queries":{"appid":"anpassen","lat":"@{item()?['Breite']}","lon":"@{item()?['Länge']}","units":"metric"}},"runtimeConfiguration":{"contentTransfer":{"transferMode":"Chunked"}}},"Datei_erstellen":{"runAfter":{"HTTP":["Succeeded"]},"metadata":{"operationMetadataId":"dcafdc5f-9c7d-4fe9-813d-e0e366615712"},"type":"OpenApiConnection","inputs":{"parameters":{"dataset":"https://inopiae.sharepoint.com/sites/PowerBISpielplatz","folderPath":"/Shared Documents/Austausch Laptops/powerbi/wetter/daten gesamt/forecast","name":"forecast-@{item()?['Dateikürzel']}.json","body":"@body('HTTP')"},"host":{"apiId":"/providers/Microsoft.PowerApps/apis/shared_sharepointonline","connectionName":"shared_sharepointonline","operationId":"CreateFile"},"authentication":"@parameters('$authentication')"}}},"runAfter":{"In_Tabelle_vorhandene_Zeilen_auflisten":["Succeeded"]},"type":"Foreach"}},"description":""},"connectionReferences":{"shared_excelonlinebusiness":{"connectionName":"shared-excelonlinebu-c3c6478b-dd2e-4497-9427-f2f78dbe5581","source":"Embedded","id":"/providers/Microsoft.PowerApps/apis/shared_excelonlinebusiness","tier":"NotSpecified"},"shared_sharepointonline":{"connectionName":"3f004e795de44a968b5ceecfba603257","source":"Embedded","id":"/providers/Microsoft.PowerApps/apis/shared_sharepointonline","tier":"NotSpecified"}},"flowFailureAlertSubscribed":false,"isManaged":false}}